{
  "cols": [
    "temp_c",
    "humidity_pct",
    "precipitation",
    "wind_speed"
  ],
  "min_": [
    11.55,
    21.0,
    0.0,
    4.7
  ],
  "scale_": [
    0.054495912806539516,
    0.016260162601626018,
    0.05405405405405406,
    0.05813953488372093
  ]
}